"Accounting, Auditing & Finance"
Admin & Office
Building & Architecture
Social & Community Services
Consulting
Creative & Design
Customer Service & Support
Driver & Transport Services
Engineering & Technology
Estate Agents & Property Management
Agriculture
Catering & Food Services
Health & Safety
Hospitality & Leisure
Human Resources
Legal Services
Management
Recruitment
Marketing
Meidcal & Pharmaceutical
Product & Project Management
Quality Control & Assurance
"Training, Teaching & Research"
Software / Programming
Data Management
Sales
Supply Chain
